date,Total(minus solar),Coal,Petroleum Liquids,Petroleum Coke,Natural Gas,Other Gases,Nuclear,Conventional Hydroelectric Power,other renewables,Wind,all utility-scale solar,Geo- thermal,Biomass Total,Biomass Wood,Biomass Waste,Hydro- electric Pumped Storage,Other,Solar/PV,small-scale solar photovoltaic,all utility-scale solar.1,Petroleum,Renewable Total,Nonrenewable Total,Total,Renewable Percentage,Nonrenewable Percentage
2001-01-01,332493.0,177287.0,17300.0,812.0,42389.0,718.0,68707.0,18852.0,0.0,389.0,7.0,1229.0,4400.0,3191.0,1209.0,-589.0,992.0,0.0,0.0,7.0,18112.0,24870.0,307213.0,333075.0,0.07466786759738797,0.9223538242137657
2001-02-01,282940.0,149735.0,9626.0,716.0,37967.0,676.0,61272.0,17473.0,0.0,431.0,13.0,1073.0,3793.0,2697.0,1096.0,-707.0,872.0,0.0,0.0,13.0,10342.0,22770.0,259992.0,283634.0,0.08027951514980573,0.9166461002559637
2001-03-01,300707.0,155269.0,10981.0,752.0,44364.0,769.0,62141.0,20477.0,0.0,532.0,31.0,1190.0,4042.0,2853.0,1189.0,-773.0,931.0,0.0,0.0,31.0,11733.0,26241.0,274276.0,301448.0,0.0870498394416284,0.9098617340304133
2001-04-01,278079.0,140671.0,10237.0,627.0,45843.0,698.0,56003.0,18013.0,0.0,685.0,39.0,1095.0,4008.0,2821.0,1187.0,-796.0,957.0,0.0,0.0,39.0,10864.0,23801.0,254079.0,278837.0,0.08535811244562236,0.9112097748864032
2001-05-01,300492.0,151593.0,9641.0,749.0,50934.0,785.0,61512.0,19176.0,0.0,635.0,81.0,1071.0,3951.0,2740.0,1211.0,-623.0,986.0,0.0,0.0,81.0,10390.0,24833.0,275214.0,301033.0,0.08249261708849195,0.914231994498942
2001-06-01,327694.0,162616.0,10997.0,825.0,57603.0,733.0,68023.0,20728.0,0.0,670.0,91.0,1088.0,4116.0,2891.0,1225.0,-774.0,978.0,0.0,0.0,91.0,11822.0,26602.0,300797.0,328377.0,0.08101054580558321,0.916011170088039
2001-07-01,357614.0,179060.0,10050.0,992.0,73030.0,840.0,69166.0,18079.0,0.0,635.0,92.0,1179.0,4339.0,3053.0,1286.0,-871.0,1022.0,0.0,0.0,92.0,11042.0,24232.0,333138.0,358392.0,0.06761311636420456,0.9295352574834259
2001-08-01,370533.0,183116.0,13235.0,994.0,78410.0,848.0,68389.0,18914.0,0.0,577.0,85.0,1167.0,4464.0,3179.0,1285.0,-715.0,1048.0,0.0,0.0,85.0,14229.0,25122.0,344992.0,371162.0,0.06768473065669438,0.9294917044309493
2001-09-01,306929.0,154158.0,6432.0,911.0,60181.0,767.0,63378.0,15256.0,0.0,490.0,65.0,1139.0,4076.0,2874.0,1201.0,-928.0,1004.0,0.0,0.0,65.0,7343.0,20961.0,285827.0,307792.0,0.06810118521599003,0.9286368716535842
2001-10-01,294734.0,148931.0,5573.0,961.0,56376.0,737.0,60461.0,15235.0,0.0,607.0,21.0,1162.0,4261.0,3046.0,1215.0,-615.0,1025.0,0.0,0.0,21.0,6534.0,21265.0,273039.0,295329.0,0.07200444250310671,0.9245248519447802
2001-11-01,278934.0,144117.0,5090.0,841.0,44491.0,699.0,62342.0,15413.0,0.0,470.0,14.0,1157.0,4071.0,2879.0,1192.0,-811.0,1040.0,0.0,0.0,14.0,5931.0,21111.0,257580.0,279731.0,0.07546893265315607,0.9208132098337332
2001-12-01,305496.0,157402.0,5484.0,1055.0,47541.0,770.0,67431.0,19346.0,0.0,616.0,4.0,1190.0,4228.0,2975.0,1253.0,-623.0,1051.0,0.0,0.0,4.0,6539.0,25380.0,279683.0,306114.0,0.08291028832395775,0.9136563502486001
2002-01-01,319941.0,164358.0,5434.0,1257.0,48413.0,923.0,70926.0,21795.0,0.0,811.0,11.0,1287.0,4489.0,3255.0,1233.0,-750.0,988.0,0.0,0.0,11.0,6691.0,28382.0,291311.0,320681.0,0.08850539944680227,0.9084136571858015
2002-02-01,281826.0,143049.0,4388.0,1275.0,44308.0,760.0,61658.0,20192.0,0.0,714.0,24.0,1132.0,3930.0,2844.0,1086.0,-586.0,981.0,0.0,0.0,24.0,5663.0,25968.0,255438.0,282387.0,0.09195890745678803,0.9045671365891489
2002-03-01,302549.0,151486.0,6937.0,1280.0,51214.0,904.0,63041.0,21009.0,0.0,852.0,44.0,1245.0,4213.0,2961.0,1252.0,-684.0,1008.0,0.0,0.0,44.0,8217.0,27319.0,274862.0,303189.0,0.09010551174349993,0.9065698293803535
2002-04-01,289848.0,142305.0,6535.0,1299.0,49146.0,890.0,58437.0,24247.0,0.0,1024.0,46.0,1115.0,4358.0,3196.0,1162.0,-585.0,1032.0,0.0,0.0,46.0,7834.0,30744.0,258612.0,290388.0,0.10587214347700319,0.8905739906607711
2002-05-01,307675.0,151406.0,6664.0,1462.0,50275.0,910.0,63032.0,26663.0,0.0,1078.0,58.0,1216.0,4408.0,3161.0,1247.0,-539.0,1041.0,0.0,0.0,58.0,8126.0,33365.0,273749.0,308155.0,0.10827343382388734,0.8883483960993656
2002-06-01,341023.0,164668.0,6429.0,1367.0,65631.0,1009.0,66372.0,28213.0,0.0,1126.0,96.0,1151.0,4693.0,3395.0,1298.0,-863.0,1132.0,0.0,0.0,96.0,7796.0,35183.0,305476.0,341791.0,0.10293717505727185,0.893750859443344
2002-07-01,381542.0,183195.0,8507.0,1406.0,83917.0,1071.0,70421.0,25471.0,0.0,890.0,86.0,1262.0,4818.0,3440.0,1378.0,-998.0,1496.0,0.0,0.0,86.0,9913.0,32441.0,348517.0,382454.0,0.08482327286418759,0.9112651456122828
2002-08-01,374586.0,179955.0,8194.0,1543.0,84477.0,1117.0,70778.0,21084.0,0.0,977.0,75.0,1227.0,4765.0,3369.0,1396.0,-935.0,1329.0,0.0,0.0,75.0,9737.0,28053.0,346064.0,375446.0,0.07471913404324457,0.921741075947007
2002-09-01,331279.0,165366.0,6670.0,1405.0,68161.0,1053.0,64481.0,17087.0,0.0,736.0,53.0,1195.0,4598.0,3313.0,1285.0,-777.0,1250.0,0.0,0.0,53.0,8075.0,23616.0,307136.0,332002.0,0.0711321016138457,0.9251028608261396
2002-10-01,307059.0,159099.0,6910.0,1206.0,54201.0,908.0,60493.0,17171.0,0.0,734.0,31.0,1235.0,4559.0,3346.0,1213.0,-681.0,1193.0,0.0,0.0,31.0,8116.0,23699.0,282817.0,307709.0,0.07701757179673002,0.9191053885326721
2002-11-01,296290.0,156054.0,5174.0,1113.0,45161.0,894.0,61520.0,19730.0,0.0,656.0,28.0,1189.0,4376.0,3161.0,1215.0,-666.0,1060.0,0.0,0.0,28.0,6287.0,25951.0,269916.0,296927.0,0.08739858618448305,0.9090315127960744
2002-12-01,324834.0,172190.0,6859.0,1252.0,46100.0,1025.0,68905.0,21669.0,0.0,755.0,4.0,1236.0,4501.0,3222.0,1279.0,-680.0,1015.0,0.0,0.0,4.0,8111.0,28161.0,296331.0,325507.0,0.08651426851035461,0.9103675189780865
2003-01-01,341989.0,181313.0,11518.0,1124.0,50176.0,1283.0,69211.0,20600.0,0.0,632.0,13.0,1258.0,4597.0,3269.0,1328.0,-802.0,1066.0,0.0,0.0,13.0,12642.0,27087.0,314625.0,342778.0,0.0790219909095683,0.9178681245587523
2003-02-01,299249.0,156982.0,9740.0,1030.0,43547.0,1132.0,60942.0,19780.0,0.0,745.0,18.0,1130.0,4068.0,2905.0,1163.0,-759.0,893.0,0.0,0.0,18.0,10770.0,25723.0,273373.0,299989.0,0.08574647737083693,0.9112767468140498
2003-03-01,304317.0,155002.0,9347.0,876.0,46699.0,1267.0,59933.0,24202.0,0.0,1036.0,50.0,1213.0,4420.0,3080.0,1340.0,-778.0,1051.0,0.0,0.0,50.0,10223.0,30871.0,273124.0,305046.0,0.10120113032132859,0.895353487670712
2003-04-01,285756.0,141960.0,7314.0,1267.0,45195.0,1305.0,56776.0,24759.0,0.0,1093.0,60.0,1166.0,4354.0,3036.0,1318.0,-546.0,1052.0,0.0,0.0,60.0,8581.0,31372.0,253817.0,286241.0,0.10959995248758914,0.8867248227891882
2003-05-01,307545.0,150263.0,6841.0,1212.0,49373.0,1310.0,62202.0,29395.0,0.0,1006.0,68.0,1169.0,4230.0,2928.0,1301.0,-597.0,1073.0,0.0,0.0,68.0,8053.0,35800.0,271201.0,308074.0,0.1162058466472341,0.8803112239267189
2003-06-01,328694.0,162285.0,9534.0,1465.0,54453.0,1235.0,64181.0,28586.0,0.0,1047.0,91.0,1223.0,4318.0,3028.0,1290.0,-762.0,1038.0,0.0,0.0,91.0,10999.0,35174.0,293153.0,329365.0,0.10679337513093376,0.8900551060373749
2003-07-01,374396.0,181852.0,10542.0,1659.0,76938.0,1292.0,69653.0,24843.0,0.0,953.0,62.0,1228.0,4765.0,3361.0,1404.0,-745.0,1353.0,0.0,0.0,62.0,12201.0,31789.0,341936.0,375078.0,0.08475303803475544,0.9116397122731805
2003-08-01,381816.0,185332.0,10836.0,1642.0,83250.0,1284.0,69024.0,22972.0,0.0,815.0,62.0,1219.0,4693.0,3310.0,1383.0,-806.0,1493.0,0.0,0.0,62.0,12478.0,29699.0,351368.0,382560.0,0.07763226683396068,0.9184650773734839
2003-09-01,323136.0,164910.0,7114.0,1549.0,59090.0,1309.0,63584.0,18480.0,0.0,895.0,56.0,1203.0,4383.0,3079.0,1303.0,-769.0,1331.0,0.0,0.0,56.0,8663.0,24961.0,297556.0,323848.0,0.07707628270052617,0.9188137644821027
2003-10-01,306741.0,159323.0,6970.0,1640.0,51824.0,1291.0,60016.0,18428.0,0.0,897.0,35.0,1195.0,4420.0,3139.0,1281.0,-615.0,1315.0,0.0,0.0,35.0,8610.0,24940.0,281064.0,307319.0,0.0811534594346591,0.9145675991396562
2003-11-01,297867.0,158223.0,4939.0,1541.0,45328.0,1451.0,59600.0,19715.0,0.0,961.0,14.0,1151.0,4404.0,3119.0,1285.0,-695.0,1234.0,0.0,0.0,14.0,6480.0,26231.0,271082.0,298547.0,0.08786221264993452,0.9080044348126091
2003-12-01,331680.0,176291.0,8040.0,1666.0,44035.0,1441.0,68612.0,24044.0,0.0,1105.0,4.0,1268.0,4690.0,3275.0,1415.0,-661.0,1146.0,0.0,0.0,4.0,9706.0,31107.0,300085.0,332338.0,0.09360049106632404,0.9029512123199874
2004-01-01,346546.0,180657.0,13509.0,1925.0,48253.0,1182.0,70806.0,22983.0,0.0,999.0,13.0,1295.0,4581.0,3318.0,1263.0,-768.0,1110.0,0.0,0.0,13.0,15434.0,29858.0,316332.0,347300.0,0.08597178232076015,0.9108321336020732
2004-02-01,314280.0,161503.0,7701.0,1665.0,50320.0,1194.0,64102.0,20914.0,0.0,1022.0,11.0,1214.0,4243.0,3020.0,1223.0,-692.0,1084.0,0.0,0.0,11.0,9366.0,27393.0,286485.0,314962.0,0.08697239667007449,0.9095859183012553
2004-03-01,308812.0,154288.0,8098.0,1634.0,49801.0,1292.0,63285.0,22914.0,0.0,1291.0,53.0,1241.0,4415.0,3124.0,1291.0,-653.0,1152.0,0.0,0.0,53.0,9732.0,29861.0,278398.0,309411.0,0.09650917388198868,0.8997676229998287
2004-04-01,290560.0,141471.0,7400.0,1641.0,51822.0,1345.0,58620.0,20888.0,0.0,1295.0,57.0,1161.0,4382.0,3091.0,1291.0,-669.0,1145.0,0.0,0.0,57.0,9041.0,27726.0,262299.0,291170.0,0.09522272212109764,0.9008448672596765
2004-05-01,327380.0,157016.0,8511.0,1725.0,62022.0,1302.0,64917.0,24020.0,0.0,1702.0,82.0,1208.0,4348.0,2989.0,1359.0,-689.0,1216.0,0.0,0.0,82.0,10236.0,31278.0,295493.0,327987.0,0.09536353574989252,0.9009290002347654
2004-06-01,345085.0,167642.0,9185.0,1657.0,64686.0,1333.0,67734.0,25252.0,0.0,1397.0,88.0,1225.0,4388.0,3083.0,1306.0,-718.0,1217.0,0.0,0.0,88.0,10842.0,32262.0,312237.0,345716.0,0.09331937197005635,0.9031603975517477
2004-07-01,377332.0,181492.0,10337.0,1761.0,79290.0,1284.0,71975.0,23318.0,0.0,1164.0,82.0,1278.0,4743.0,3416.0,1327.0,-693.0,1301.0,0.0,0.0,82.0,12098.0,30503.0,346139.0,377943.0,0.08070793744030184,0.9158497445381976
2004-08-01,368439.0,178181.0,9185.0,1893.0,77821.0,1290.0,71068.0,21592.0,0.0,1051.0,73.0,1257.0,4646.0,3317.0,1329.0,-818.0,1200.0,0.0,0.0,73.0,11078.0,28546.0,339438.0,369184.0,0.07732187743780879,0.9194277108433735
2004-09-01,335622.0,164253.0,7070.0,1607.0,67854.0,1341.0,65932.0,20525.0,0.0,1090.0,61.0,1188.0,4358.0,3119.0,1239.0,-770.0,1113.0,0.0,0.0,61.0,8677.0,27161.0,308057.0,336331.0,0.08075675450672105,0.9159340054886407
2004-10-01,312450.0,157605.0,5928.0,1738.0,57229.0,1269.0,62530.0,18863.0,0.0,1029.0,34.0,1276.0,4512.0,3264.0,1248.0,-703.0,1141.0,0.0,0.0,34.0,7666.0,25680.0,286299.0,313120.0,0.08201328564128768,0.9143427439959121
2004-11-01,302101.0,157436.0,5270.0,1604.0,49693.0,1216.0,58941.0,20937.0,0.0,932.0,15.0,1212.0,4332.0,3074.0,1258.0,-665.0,1177.0,0.0,0.0,15.0,6874.0,27413.0,274160.0,302750.0,0.09054665565648225,0.9055656482246077
2004-12-01,341948.0,176755.0,8197.0,1903.0,51310.0,1205.0,68617.0,26211.0,0.0,1172.0,8.0,1256.0,4589.0,3302.0,1287.0,-650.0,1376.0,0.0,0.0,8.0,10100.0,33228.0,307987.0,342591.0,0.09699028871161239,0.8989932601848852
2005-01-01,343121.0,177014.0,10261.0,1929.0,51338.0,1126.0,69828.0,24272.0,0.0,1132.0,9.0,1252.0,4611.0,3333.0,1278.0,-725.0,1075.0,0.0,0.0,9.0,12190.0,31267.0,311496.0,343838.0,0.09093526602644268,0.9059382616232062
2005-02-01,298500.0,155818.0,5575.0,1740.0,44913.0,1076.0,60947.0,21607.0,0.0,966.0,13.0,1063.0,4179.0,3055.0,1123.0,-346.0,950.0,0.0,0.0,13.0,7315.0,27815.0,270069.0,298834.0,0.09307843150377802,0.903742546028899
2005-03-01,317458.0,163613.0,6472.0,1880.0,51897.0,1214.0,61539.0,22936.0,0.0,1561.0,38.0,1204.0,4566.0,3288.0,1278.0,-497.0,1036.0,0.0,0.0,38.0,8352.0,30267.0,286615.0,317918.0,0.09520379468919658,0.9015375033813751
2005-04-01,289562.0,143083.0,5273.0,1679.0,52016.0,1121.0,55484.0,23058.0,0.0,1698.0,58.0,1187.0,4258.0,3036.0,1223.0,-338.0,983.0,0.0,0.0,58.0,6952.0,30201.0,258656.0,289840.0,0.10419886834115374,0.8924096052994756
2005-05-01,315062.0,153958.0,4823.0,1891.0,54826.0,1191.0,62970.0,27279.0,0.0,1746.0,81.0,1264.0,4452.0,3101.0,1351.0,-466.0,1046.0,0.0,0.0,81.0,6714.0,34741.0,279659.0,315446.0,0.1101329546102978,0.8865511054189941
2005-06-01,363672.0,174867.0,8740.0,2043.0,75635.0,1149.0,66144.0,26783.0,0.0,1797.0,88.0,1248.0,4503.0,3174.0,1329.0,-415.0,1087.0,0.0,0.0,88.0,10783.0,34331.0,328578.0,363996.0,0.09431697051615952,0.9026967329311311
2005-07-01,402274.0,186091.0,11039.0,1995.0,96819.0,1161.0,71070.0,25957.0,0.0,1421.0,72.0,1273.0,4799.0,3417.0,1381.0,-625.0,1203.0,0.0,0.0,72.0,13034.0,33450.0,368175.0,402828.0,0.08303792189222199,0.91397569185856
2005-08-01,404941.0,187574.0,12414.0,2114.0,100787.0,1172.0,71382.0,21566.0,0.0,1138.0,76.0,1254.0,4768.0,3420.0,1348.0,-623.0,1321.0,0.0,0.0,76.0,14528.0,28726.0,375443.0,405490.0,0.0708426841599053,0.925899528964956
2005-09-01,350218.0,171656.0,10452.0,1827.0,73355.0,1145.0,66739.0,17364.0,0.0,1468.0,61.0,1223.0,4542.0,3259.0,1283.0,-680.0,1065.0,0.0,0.0,61.0,12279.0,24597.0,325174.0,350836.0,0.07010968087653491,0.926854712743276
2005-10-01,316398.0,162437.0,8385.0,1793.0,55941.0,1080.0,61236.0,18006.0,0.0,1446.0,38.0,1247.0,4451.0,3246.0,1205.0,-611.0,949.0,0.0,0.0,38.0,10178.0,25150.0,290872.0,316971.0,0.07934479810455847,0.9176612371478778
2005-11-01,306115.0,158798.0,5199.0,1668.0,49440.0,965.0,62913.0,19353.0,0.0,1610.0,13.0,1220.0,4480.0,3190.0,1290.0,-554.0,1012.0,0.0,0.0,13.0,6867.0,26663.0,278983.0,306658.0,0.08694702241585088,0.9097528843206438
2005-12-01,348101.0,177965.0,11207.0,1827.0,53993.0,1062.0,71735.0,22141.0,0.0,1828.0,3.0,1257.0,4669.0,3338.0,1330.0,-678.0,1094.0,0.0,0.0,3.0,13034.0,29895.0,317789.0,348778.0,0.08571354844628962,0.9111497858236471
2006-01-01,328658.0,169236.0,4246.0,1890.0,43807.0,1157.0,71912.0,27437.0,0.0,2383.0,13.0,1230.0,4810.0,3422.0,1388.0,-533.0,1072.0,0.0,0.0,13.0,6136.0,35860.0,292248.0,329180.0,0.10893735949936205,0.8878060635518561
2006-02-01,307333.0,158616.0,3257.0,1667.0,47409.0,1114.0,62616.0,24762.0,0.0,1922.0,20.0,1111.0,4322.0,3051.0,1270.0,-447.0,966.0,0.0,0.0,20.0,4924.0,32117.0,274679.0,307762.0,0.10435661322710406,0.892504597708619
2006-03-01,318730.0,161325.0,2407.0,1607.0,54922.0,1234.0,63721.0,24625.0,0.0,2359.0,33.0,1261.0,4546.0,3201.0,1344.0,-435.0,1127.0,0.0,0.0,33.0,4014.0,32791.0,285216.0,319134.0,0.10274994203062036,0.8937186260316983
2006-04-01,297858.0,141426.0,3039.0,1651.0,56091.0,1180.0,57567.0,28556.0,0.0,2472.0,52.0,1129.0,4207.0,2980.0,1227.0,-587.0,1075.0,0.0,0.0,52.0,4690.0,36364.0,260954.0,298393.0,0.12186612956738262,0.874531239003596
2006-05-01,330616.0,157010.0,2902.0,1518.0,65586.0,1295.0,62776.0,30818.0,0.0,2459.0,71.0,1096.0,4411.0,3039.0,1371.0,-444.0,1119.0,0.0,0.0,71.0,4420.0,38784.0,291087.0,330990.0,0.11717574549080033,0.8794434877186622
2006-06-01,364260.0,169693.0,4060.0,1706.0,81060.0,1167.0,68391.0,29757.0,0.0,2052.0,70.0,1199.0,4462.0,3134.0,1328.0,-423.0,1065.0,0.0,0.0,70.0,5766.0,37470.0,326077.0,364612.0,0.10276677673801192,0.8943123100720766
2006-07-01,410421.0,187821.0,5121.0,1881.0,108094.0,1267.0,72186.0,25439.0,0.0,1955.0,62.0,1261.0,4843.0,3444.0,1399.0,-638.0,1127.0,0.0,0.0,62.0,7002.0,33498.0,376370.0,410995.0,0.0815046411756834,0.9157532330077008
2006-08-01,407763.0,189455.0,6571.0,1788.0,106592.0,1292.0,72016.0,21728.0,0.0,1655.0,83.0,1289.0,4867.0,3478.0,1389.0,-695.0,1121.0,0.0,0.0,83.0,8359.0,29539.0,377714.0,408374.0,0.07233320436658554,0.9249217628938179
2006-09-01,332055.0,161590.0,3043.0,1602.0,72673.0,1153.0,66642.0,17201.0,0.0,1879.0,54.0,1219.0,4568.0,3260.0,1308.0,-629.0,1058.0,0.0,0.0,54.0,4645.0,24867.0,306703.0,332628.0,0.07475919044698583,0.9220600791274336
2006-10-01,321567.0,161390.0,3354.0,1538.0,70640.0,1185.0,57509.0,17055.0,0.0,2442.0,32.0,1275.0,4545.0,3213.0,1332.0,-507.0,1107.0,0.0,0.0,32.0,4892.0,25317.0,295616.0,322040.0,0.0786144578313253,0.9179480809837287
2006-11-01,309159.0,159440.0,3355.0,1392.0,53440.0,1065.0,61392.0,20272.0,0.0,2540.0,16.0,1207.0,4541.0,3182.0,1359.0,-553.0,1052.0,0.0,0.0,16.0,4747.0,28560.0,280084.0,309696.0,0.09221946683199007,0.9043836536474478
2006-12-01,336283.0,173509.0,3105.0,1466.0,56128.0,1068.0,70490.0,21596.0,0.0,2472.0,3.0,1290.0,4740.0,3358.0,1382.0,-667.0,1084.0,0.0,0.0,3.0,4571.0,30098.0,305766.0,336948.0,0.0893253558412574,0.9074575305388368
2007-01-01,353531.0,175739.0,4420.0,1574.0,61475.0,1154.0,74006.0,26045.0,0.0,2452.0,13.0,1296.0,4907.0,3536.0,1371.0,-572.0,1022.0,0.0,0.0,13.0,5994.0,34700.0,318368.0,354090.0,0.09799768420458076,0.8991160439436302
2007-02-01,323230.0,163603.0,7596.0,1287.0,57622.0,981.0,65225.0,18567.0,0.0,2520.0,19.0,1122.0,4215.0,3015.0,1200.0,-447.0,919.0,0.0,0.0,19.0,8883.0,26424.0,296314.0,323657.0,0.08164198518802313,0.915518589123671
2007-03-01,320471.0,159811.0,4118.0,1297.0,56204.0,1234.0,64305.0,24163.0,0.0,3047.0,48.0,1204.0,4479.0,3106.0,1373.0,-458.0,1018.0,0.0,0.0,48.0,5415.0,32893.0,286969.0,320880.0,0.1025087260034904,0.894318748441785
2007-04-01,303129.0,146250.0,3830.0,1250.0,60153.0,1163.0,57301.0,23891.0,0.0,3172.0,54.0,1158.0,4309.0,3055.0,1254.0,-374.0,972.0,0.0,0.0,54.0,5080.0,32530.0,269947.0,303449.0,0.10720088054335325,0.8895959452824033
2007-05-01,330203.0,157513.0,3489.0,1384.0,66470.0,1175.0,65025.0,26047.0,0.0,2952.0,84.0,1155.0,4430.0,3081.0,1349.0,-547.0,1026.0,0.0,0.0,84.0,4873.0,34584.0,295056.0,330666.0,0.10458892054217851,0.892308250621473
2007-06-01,362755.0,173513.0,4213.0,1564.0,81511.0,1154.0,68923.0,22817.0,0.0,2620.0,84.0,1238.0,4606.0,3213.0,1392.0,-523.0,1034.0,0.0,0.0,84.0,5777.0,31281.0,330878.0,363193.0,0.08612776127293202,0.9110252675574695
2007-07-01,393226.0,185054.0,4125.0,1369.0,97483.0,1154.0,72739.0,22478.0,0.0,2158.0,86.0,1250.0,4877.0,3434.0,1443.0,-595.0,1049.0,0.0,0.0,86.0,5494.0,30763.0,361924.0,393736.0,0.07813103196050145,0.9192047463274885
2007-08-01,421797.0,190135.0,5702.0,1485.0,121338.0,1132.0,72751.0,19941.0,0.0,2699.0,75.0,1255.0,4866.0,3426.0,1440.0,-651.0,1070.0,0.0,0.0,75.0,7187.0,28761.0,392543.0,422374.0,0.06809368000871266,0.9293730201196096
2007-09-01,355394.0,169391.0,3647.0,1289.0,88532.0,1120.0,67579.0,14743.0,0.0,2867.0,68.0,1218.0,4690.0,3290.0,1400.0,-743.0,995.0,0.0,0.0,68.0,4936.0,23518.0,331558.0,356071.0,0.06604862513375141,0.9311569883534464
2007-10-01,332615.0,162234.0,3558.0,1189.0,78358.0,1134.0,61690.0,14796.0,0.0,3377.0,49.0,1265.0,4671.0,3246.0,1426.0,-760.0,1055.0,0.0,0.0,49.0,4747.0,24109.0,308163.0,333327.0,0.07232837423911054,0.9245065656247469
2007-11-01,314103.0,159382.0,2001.0,1135.0,60637.0,1031.0,64899.0,15682.0,0.0,3095.0,24.0,1211.0,4698.0,3273.0,1425.0,-662.0,967.0,0.0,0.0,24.0,3136.0,24686.0,289085.0,314738.0,0.07843349071291042,0.9184941125634655
2007-12-01,346290.0,173830.0,2803.0,1412.0,66808.0,1022.0,71983.0,18342.0,0.0,3490.0,5.0,1266.0,4791.0,3339.0,1452.0,-565.0,1103.0,0.0,0.0,5.0,4215.0,27889.0,317858.0,346850.0,0.08040651578492143,0.9164134352025372
2008-01-01,362998.0,182876.0,3131.0,1366.0,72600.0,1063.0,70735.0,20779.0,0.0,4273.0,16.0,1209.0,4744.0,3338.0,1407.0,-746.0,951.0,0.0,0.0,16.0,4497.0,31005.0,331771.0,363727.0,0.08524250330605097,0.9121428983825781
2008-02-01,325106.0,166666.0,2438.0,1231.0,60042.0,972.0,65130.0,18789.0,0.0,3852.0,36.0,1087.0,4374.0,3010.0,1364.0,-451.0,939.0,0.0,0.0,36.0,3669.0,28102.0,296479.0,325520.0,0.08632956500368641,0.9107858196116982
2008-03-01,324630.0,160743.0,2112.0,1039.0,62171.0,1049.0,64716.0,21669.0,0.0,4782.0,75.0,1251.0,4596.0,3123.0,1472.0,-553.0,980.0,0.0,0.0,75.0,3151.0,32298.0,291830.0,325108.0,0.09934544828180174,0.8976401688054431
2008-04-01,305865.0,146983.0,2274.0,1126.0,63046.0,1021.0,57333.0,22234.0,0.0,5225.0,94.0,1218.0,4433.0,2930.0,1504.0,-132.0,1008.0,0.0,0.0,94.0,3400.0,33110.0,271783.0,305901.0,0.108237632436638,0.8884671838274475
2008-05-01,325245.0,154916.0,2343.0,1055.0,62270.0,1044.0,64826.0,27221.0,0.0,5340.0,99.0,1259.0,4402.0,2927.0,1475.0,-587.0,1057.0,0.0,0.0,99.0,3398.0,38222.0,286454.0,325733.0,0.11734150362413388,0.8794135073818127
2008-06-01,373109.0,171043.0,3707.0,1255.0,84620.0,1132.0,70319.0,29177.0,0.0,5140.0,128.0,1260.0,4616.0,3114.0,1502.0,-372.0,1082.0,0.0,0.0,128.0,4962.0,40193.0,332076.0,373351.0,0.10765472705309481,0.8894471958023416
2008-07-01,402900.0,186733.0,2983.0,1174.0,100321.0,1174.0,74318.0,25555.0,0.0,4008.0,111.0,1279.0,4935.0,3327.0,1608.0,-799.0,1108.0,0.0,0.0,111.0,4157.0,35777.0,366703.0,403588.0,0.08864733341922951,0.908607292585508
2008-08-01,388987.0,180576.0,2547.0,1264.0,99673.0,1147.0,72617.0,21229.0,0.0,3264.0,105.0,1273.0,4872.0,3342.0,1529.0,-648.0,1066.0,0.0,0.0,105.0,3811.0,30638.0,357824.0,389528.0,0.0786541660676511,0.9186091885564067
2008-09-01,338056.0,161356.0,2990.0,1181.0,79136.0,823.0,67054.0,16178.0,0.0,3111.0,93.0,1234.0,4486.0,3059.0,1427.0,-517.0,931.0,0.0,0.0,93.0,4171.0,25009.0,312540.0,338480.0,0.07388619711652092,0.9233632710943039
2008-10-01,318547.0,151841.0,1943.0,1343.0,73283.0,806.0,62820.0,15470.0,0.0,4756.0,60.0,1277.0,4554.0,3064.0,1490.0,-497.0,891.0,0.0,0.0,60.0,3286.0,26057.0,292036.0,318984.0,0.08168748275775588,0.9155192736939783
2008-11-01,310046.0,154281.0,2191.0,1154.0,61454.0,721.0,63408.0,15668.0,0.0,4994.0,29.0,1233.0,4527.0,3077.0,1449.0,-489.0,875.0,0.0,0.0,29.0,3345.0,26422.0,283209.0,310506.0,0.08509336373532235,0.9120886552916851
2008-12-01,343898.0,167786.0,3257.0,1137.0,64364.0,753.0,72931.0,20861.0,0.0,6616.0,19.0,1261.0,4494.0,2988.0,1506.0,-498.0,917.0,0.0,0.0,19.0,4394.0,33232.0,310228.0,344377.0,0.09649889510623531,0.9008383254398522
2009-01-01,354993.0,171925.0,4968.0,1136.0,66390.0,807.0,74102.0,23490.0,0.0,5951.0,7.0,1289.0,4493.0,3030.0,1462.0,-501.0,936.0,0.0,0.0,7.0,6104.0,35223.0,319328.0,355487.0,0.09908379209366305,0.8982832002295442
2009-02-01,300887.0,140916.0,2267.0,1051.0,62139.0,784.0,64227.0,17812.0,0.0,5852.0,30.0,1168.0,4180.0,2823.0,1357.0,-413.0,875.0,0.0,0.0,30.0,3318.0,29012.0,271384.0,301271.0,0.09629868125375493,0.9007969568926315
2009-03-01,310603.0,135530.0,2089.0,1260.0,68203.0,834.0,67241.0,21827.0,0.0,7099.0,78.0,1300.0,4472.0,2919.0,1553.0,-315.0,984.0,0.0,0.0,78.0,3349.0,34698.0,275157.0,310839.0,0.11162691940200554,0.8852074546630249
2009-04-01,289537.0,125935.0,1658.0,1148.0,61159.0,758.0,59408.0,25770.0,0.0,7458.0,99.0,1222.0,4207.0,2664.0,1542.0,-272.0,987.0,0.0,0.0,99.0,2806.0,38657.0,250066.0,289710.0,0.13343343343343345,0.8631597114355735
2009-05-01,311306.0,131673.0,2053.0,1156.0,68146.0,773.0,65395.0,29560.0,0.0,6262.0,110.0,1235.0,4257.0,2735.0,1522.0,-349.0,1035.0,0.0,0.0,110.0,3209.0,41314.0,269196.0,311545.0,0.13261005633215106,0.8640677911698149
2009-06-01,347658.0,148087.0,2090.0,1153.0,84205.0,876.0,69735.0,29233.0,0.0,5599.0,103.0,1209.0,4556.0,2997.0,1558.0,-226.0,1038.0,0.0,0.0,103.0,3243.0,40597.0,306146.0,347781.0,0.11673150632150693,0.880283856794937
2009-07-01,372542.0,158234.0,2124.0,1234.0,101894.0,966.0,72949.0,23385.0,0.0,4955.0,121.0,1255.0,4856.0,3227.0,1628.0,-491.0,1061.0,0.0,0.0,121.0,3358.0,34451.0,337401.0,372913.0,0.09238347818391958,0.9047713541764433
2009-08-01,381221.0,163260.0,2449.0,1193.0,109240.0,1012.0,72245.0,19580.0,0.0,5464.0,116.0,1251.0,4959.0,3355.0,1604.0,-613.0,1064.0,0.0,0.0,116.0,3642.0,31254.0,349399.0,381717.0,0.08187741179984125,0.9153351828710798
2009-09-01,327401.0,137145.0,1677.0,1176.0,92127.0,1022.0,65752.0,17359.0,0.0,4651.0,95.0,1217.0,4562.0,3061.0,1501.0,-348.0,967.0,0.0,0.0,95.0,2853.0,27789.0,298899.0,327655.0,0.08481176847598847,0.912236956554913
2009-10-01,307040.0,139956.0,1815.0,746.0,72603.0,960.0,58021.0,19691.0,0.0,6814.0,68.0,1221.0,4565.0,3032.0,1533.0,-385.0,967.0,0.0,0.0,68.0,2561.0,32291.0,274101.0,307359.0,0.10505955576378112,0.8917942861604834
2009-11-01,296635.0,136810.0,1315.0,757.0,63285.0,910.0,59069.0,21008.0,0.0,6875.0,40.0,1273.0,4621.0,3049.0,1572.0,-330.0,1000.0,0.0,0.0,40.0,2072.0,33777.0,262146.0,296923.0,0.1137567652219599,0.8828753582578648
2009-12-01,350507.0,166434.0,1468.0,954.0,71590.0,930.0,70710.0,24730.0,0.0,6906.0,21.0,1368.0,4765.0,3158.0,1608.0,-383.0,1014.0,0.0,0.0,21.0,2422.0,37769.0,312086.0,350869.0,0.10764416349121753,0.8894658690280418
2010-01-01,360957.0,173320.0,3187.0,1161.0,74173.0,909.0,72569.0,22383.0,0.0,6854.0,10.0,1312.0,4629.0,3126.0,1503.0,-565.0,1014.0,0.0,0.0,10.0,4348.0,35178.0,325319.0,361511.0,0.09730824234947208,0.8998868637468846
2010-02-01,319735.0,153044.0,1251.0,1122.0,66198.0,825.0,65245.0,20590.0,0.0,5432.0,33.0,1159.0,4277.0,2895.0,1382.0,-351.0,909.0,0.0,0.0,33.0,2373.0,31458.0,287685.0,320052.0,0.09829027782985265,0.8988695586967118
2010-03-01,312168.0,144406.0,1272.0,1198.0,63431.0,1010.0,64635.0,20886.0,0.0,8589.0,76.0,1307.0,4682.0,3090.0,1592.0,-325.0,1002.0,0.0,0.0,76.0,2470.0,35464.0,275952.0,312418.0,0.11351458622742608,0.8832781721923832
2010-04-01,287800.0,126952.0,1220.0,1067.0,64644.0,943.0,57611.0,19097.0,0.0,9764.0,112.0,1240.0,4490.0,2932.0,1558.0,-335.0,996.0,0.0,0.0,112.0,2287.0,34591.0,252437.0,288024.0,0.1200976307529928,0.8764443240841041
2010-05-01,327936.0,143272.0,1851.0,1143.0,73665.0,1017.0,66658.0,25079.0,0.0,8698.0,153.0,1311.0,4470.0,2893.0,1577.0,-441.0,1060.0,0.0,0.0,153.0,2994.0,39558.0,287606.0,328224.0,0.12052135127230185,0.8762491469240519
2010-06-01,375759.0,165491.0,2656.0,1333.0,92268.0,964.0,68301.0,29854.0,0.0,8049.0,176.0,1264.0,4720.0,3094.0,1627.0,-472.0,1153.0,0.0,0.0,176.0,3989.0,43887.0,331013.0,376053.0,0.1167042943414891,0.8802296484804004
2010-07-01,409725.0,179600.0,2970.0,1441.0,114624.0,963.0,71913.0,24517.0,0.0,6724.0,161.0,1274.0,4948.0,3308.0,1640.0,-557.0,1146.0,0.0,0.0,161.0,4411.0,37463.0,371511.0,410120.0,0.09134643518970058,0.9058592607041841
2010-08-01,408884.0,177745.0,2419.0,1157.0,121151.0,1061.0,71574.0,20119.0,0.0,6686.0,156.0,1297.0,4961.0,3319.0,1642.0,-600.0,1158.0,0.0,0.0,156.0,3576.0,33063.0,375107.0,409328.0,0.08077385373099323,0.916397119180706
2010-09-01,346045.0,148746.0,1675.0,1108.0,93004.0,954.0,69371.0,17265.0,0.0,7106.0,138.0,1253.0,4732.0,3157.0,1575.0,-421.0,1116.0,0.0,0.0,138.0,2783.0,30356.0,314858.0,346330.0,0.08765050674212456,0.9091271330811653
2010-10-01,307921.0,132270.0,1221.0,1007.0,77738.0,808.0,62751.0,17683.0,0.0,7944.0,75.0,1222.0,4550.0,3003.0,1547.0,-438.0,1090.0,0.0,0.0,75.0,2228.0,31399.0,275795.0,308284.0,0.10185089073711254,0.8946134084156168
2010-11-01,306010.0,135185.0,1220.0,860.0,69227.0,907.0,62655.0,19562.0,0.0,9748.0,77.0,1252.0,4706.0,3080.0,1625.0,-467.0,1079.0,0.0,0.0,77.0,2080.0,35268.0,270054.0,306401.0,0.11510406297629577,0.8813744080469711
2010-12-01,362119.0,167258.0,2395.0,1128.0,77573.0,952.0,73683.0,23169.0,0.0,9059.0,44.0,1330.0,4925.0,3275.0,1650.0,-530.0,1131.0,0.0,0.0,44.0,3523.0,38483.0,322989.0,362603.0,0.10612984448556687,0.8907510417729583
2011-01-01,362872.0,170803.0,1902.0,1555.0,74254.0,930.0,72743.0,25531.0,0.0,8550.0,40.0,1347.0,4805.0,3290.0,1515.0,-659.0,1071.0,0.0,0.0,40.0,3457.0,40233.0,322187.0,363491.0,0.11068499632728183,0.8863685758381913
2011-02-01,313127.0,138311.0,1217.0,1217.0,65924.0,807.0,64789.0,24131.0,0.0,10452.0,85.0,1215.0,4364.0,2937.0,1427.0,-413.0,1027.0,0.0,0.0,85.0,2434.0,40162.0,272265.0,313454.0,0.12812725312167017,0.8685963490655726
2011-03-01,318710.0,134845.0,1276.0,1416.0,65947.0,945.0,65662.0,31134.0,0.0,10545.0,122.0,1337.0,4646.0,3081.0,1565.0,-349.0,1182.0,0.0,0.0,122.0,2692.0,47662.0,270091.0,318935.0,0.14944110868985844,0.8468528069982912
2011-04-01,302401.0,124488.0,1459.0,965.0,70029.0,918.0,54547.0,31194.0,0.0,12422.0,164.0,1239.0,4301.0,2798.0,1503.0,-466.0,1141.0,0.0,0.0,164.0,2424.0,49156.0,252406.0,302703.0,0.16239019765248444,0.8338404310495766
2011-05-01,323628.0,137102.0,1356.0,1023.0,75243.0,875.0,57013.0,32587.0,0.0,11772.0,191.0,1318.0,4358.0,2794.0,1563.0,-417.0,1210.0,0.0,0.0,191.0,2379.0,50035.0,272612.0,323857.0,0.15449720092509966,0.8417665821643503
2011-06-01,367727.0,158055.0,1374.0,1220.0,90691.0,1013.0,65270.0,32151.0,0.0,10985.0,223.0,1215.0,4862.0,3230.0,1632.0,-567.0,1236.0,0.0,0.0,223.0,2594.0,49213.0,317623.0,368072.0,0.13370481862244343,0.8629371427329435
2011-07-01,418693.0,176586.0,1714.0,1440.0,119624.0,1098.0,72345.0,31285.0,0.0,7489.0,191.0,1269.0,5052.0,3362.0,1690.0,-708.0,1309.0,0.0,0.0,191.0,3154.0,45095.0,372807.0,419211.0,0.10757112766602021,0.8893063397668477
2011-08-01,406511.0,171281.0,1295.0,1299.0,119856.0,1087.0,71339.0,25764.0,0.0,7474.0,229.0,1275.0,5076.0,3384.0,1692.0,-692.0,1230.0,0.0,0.0,229.0,2594.0,39589.0,366157.0,406976.0,0.09727600644755464,0.8997017023116842
2011-09-01,337931.0,140941.0,1119.0,1305.0,91739.0,1004.0,66849.0,21378.0,0.0,6869.0,186.0,1226.0,4768.0,3178.0,1589.0,-583.0,1132.0,0.0,0.0,186.0,2424.0,34241.0,302957.0,338330.0,0.10120592321106611,0.8954482310170544
2011-10-01,308699.0,126627.0,1114.0,948.0,78819.0,941.0,63337.0,19787.0,0.0,10525.0,159.0,1281.0,4585.0,2954.0,1631.0,-601.0,1176.0,0.0,0.0,159.0,2062.0,36178.0,271786.0,309140.0,0.11702788380668952,0.879168014491816
2011-11-01,304102.0,121463.0,1082.0,701.0,75441.0,943.0,64474.0,20681.0,0.0,12439.0,107.0,1271.0,4772.0,3088.0,1684.0,-458.0,1187.0,0.0,0.0,107.0,1783.0,39163.0,264104.0,304454.0,0.1286335538373613,0.8674676634237027
2011-12-01,335740.0,132929.0,1178.0,1007.0,86122.0,1005.0,71837.0,23732.0,0.0,10656.0,121.0,1324.0,5084.0,3353.0,1731.0,-509.0,1254.0,0.0,0.0,121.0,2185.0,40796.0,294078.0,336128.0,0.121370430312262,0.8748988480578828
2012-01-01,339526.0,129091.0,1180.0,1297.0,90761.0,1017.0,72381.0,23107.0,0.0,13631.0,95.0,1263.0,4915.0,3314.0,1601.0,-348.0,1137.0,0.0,0.0,95.0,2477.0,42916.0,295727.0,339780.0,0.12630525634233916,0.8703484607687327
2012-02-01,309389.0,113872.0,907.0,994.0,90610.0,1044.0,63847.0,20284.0,0.0,11052.0,135.0,1193.0,4615.0,3111.0,1504.0,-237.0,1072.0,0.0,0.0,135.0,1901.0,37144.0,271274.0,309490.0,0.1200168018352774,0.8765194351998449
2012-03-01,309090.0,105526.0,971.0,570.0,92251.0,1076.0,61729.0,25907.0,0.0,14027.0,231.0,1285.0,4657.0,3034.0,1623.0,-281.0,1140.0,0.0,0.0,231.0,1541.0,45876.0,262123.0,309139.0,0.14839926376160886,0.8479130747010245
2012-04-01,295229.0,96285.0,965.0,538.0,94829.0,1057.0,55871.0,26295.0,0.0,12709.0,319.0,1248.0,4287.0,2704.0,1583.0,-265.0,1090.0,0.0,0.0,319.0,1503.0,44539.0,249545.0,295174.0,0.15089066110158753,0.845416601733215
2012-05-01,336516.0,115983.0,1078.0,651.0,107352.0,1002.0,62081.0,28641.0,0.0,12540.0,463.0,1304.0,4591.0,2937.0,1654.0,-371.0,1200.0,0.0,0.0,463.0,1729.0,47076.0,288147.0,336423.0,0.13993097974870922,0.8565020822000874
2012-06-01,360825.0,131261.0,1306.0,762.0,115598.0,972.0,65140.0,26658.0,0.0,11972.0,527.0,1277.0,4693.0,3081.0,1612.0,-507.0,1166.0,0.0,0.0,527.0,2068.0,44600.0,315039.0,360805.0,0.12361247765413451,0.8731558598134727
2012-07-01,414641.0,160450.0,1531.0,809.0,138863.0,1042.0,69129.0,26491.0,0.0,8823.0,510.0,1321.0,5073.0,3352.0,1721.0,-619.0,1218.0,0.0,0.0,510.0,2340.0,41708.0,371824.0,414750.0,0.10056178420735383,0.8965015069318867
2012-08-01,395700.0,152181.0,1202.0,916.0,131736.0,1050.0,69602.0,23034.0,0.0,8469.0,461.0,1304.0,5096.0,3370.0,1726.0,-529.0,1178.0,0.0,0.0,461.0,2118.0,37903.0,356687.0,395768.0,0.09577075458349336,0.9012527541387884
2012-09-01,334586.0,125589.0,978.0,882.0,108012.0,904.0,64511.0,17604.0,0.0,8790.0,458.0,1300.0,4854.0,3227.0,1626.0,-431.0,1135.0,0.0,0.0,458.0,1860.0,32548.0,300876.0,334559.0,0.09728627835449054,0.8993211959624461
2012-10-01,311652.0,120999.0,1061.0,744.0,91725.0,895.0,59743.0,16502.0,0.0,12636.0,431.0,1329.0,4829.0,3113.0,1716.0,-378.0,1135.0,0.0,0.0,431.0,1805.0,35296.0,275167.0,311598.0,0.11327415451960539,0.8830833317287017
2012-11-01,305976.0,128727.0,986.0,824.0,80169.0,875.0,56713.0,18733.0,0.0,11648.0,347.0,1347.0,4874.0,3190.0,1684.0,-409.0,1140.0,0.0,0.0,347.0,1810.0,36602.0,268294.0,306036.0,0.11960030846044256,0.8766746395848855
2012-12-01,334635.0,134079.0,1235.0,800.0,83989.0,963.0,68584.0,22984.0,0.0,14524.0,349.0,1390.0,5138.0,3365.0,1773.0,-576.0,1176.0,0.0,0.0,349.0,2035.0,44036.0,289650.0,334862.0,0.13150491844401574,0.8649831871039413
2013-01-01,348967.0,138105.0,1733.0,1042.0,88559.0,1144.0,71406.0,24829.0,0.0,14739.0,310.0,1382.0,5088.0,3400.0,1688.0,-465.0,1098.0,0.0,0.0,310.0,2775.0,46038.0,301989.0,349125.0,0.13186680988184749,0.8649881847475832
2013-02-01,309728.0,123547.0,1130.0,867.0,80283.0,968.0,61483.0,20418.0,0.0,14076.0,433.0,1236.0,4586.0,3083.0,1503.0,-320.0,1020.0,0.0,0.0,433.0,1997.0,40316.0,268278.0,309614.0,0.13021375002422372,0.8664918253050573
2013-03-01,325399.0,130634.0,990.0,1007.0,84725.0,1070.0,62947.0,20534.0,0.0,15756.0,619.0,1378.0,5057.0,3300.0,1757.0,-462.0,1143.0,0.0,0.0,619.0,1997.0,42725.0,281373.0,325241.0,0.13136412690896904,0.8651215560153855
2013-04-01,299333.0,111835.0,995.0,891.0,78036.0,1020.0,56767.0,25097.0,0.0,17476.0,667.0,1274.0,4544.0,2863.0,1681.0,-292.0,1024.0,0.0,0.0,667.0,1886.0,48391.0,249544.0,298959.0,0.1618650049003375,0.834709776256945
2013-05-01,322156.0,119513.0,1067.0,1345.0,83816.0,1088.0,62848.0,28450.0,0.0,16239.0,753.0,1308.0,4955.0,3174.0,1781.0,-334.0,1110.0,0.0,0.0,753.0,2412.0,50952.0,269677.0,321739.0,0.15836438852610346,0.8381856100752473
2013-06-01,356823.0,138283.0,1035.0,1307.0,99615.0,1048.0,66430.0,27384.0,0.0,13748.0,871.0,1278.0,5057.0,3330.0,1727.0,-358.0,1125.0,0.0,0.0,871.0,2342.0,47467.0,307718.0,356310.0,0.13321826499396594,0.863624372035587
2013-07-01,394846.0,152867.0,1458.0,1354.0,120771.0,1148.0,70539.0,27255.0,0.0,11094.0,829.0,1337.0,5333.0,3536.0,1797.0,-340.0,1201.0,0.0,0.0,829.0,2812.0,45019.0,348137.0,394357.0,0.11415798375583545,0.8827965523624534
2013-08-01,385286.0,149426.0,1076.0,1372.0,121156.0,1143.0,71344.0,21633.0,0.0,9634.0,944.0,1322.0,5481.0,3634.0,1847.0,-465.0,1217.0,0.0,0.0,944.0,2448.0,38070.0,345517.0,384804.0,0.09893348301992702,0.8979038679431607
2013-09-01,340941.0,133110.0,964.0,1222.0,102063.0,1087.0,65799.0,16961.0,0.0,11674.0,949.0,1299.0,5069.0,3353.0,1716.0,-439.0,1182.0,0.0,0.0,949.0,2186.0,35003.0,304245.0,340430.0,0.10281996298798578,0.8937079575830568
2013-10-01,314925.0,120996.0,945.0,1074.0,88587.0,1072.0,63184.0,17199.0,0.0,13635.0,988.0,1363.0,5071.0,3341.0,1731.0,-373.0,1185.0,0.0,0.0,988.0,2019.0,37268.0,275858.0,314311.0,0.11857046046749875,0.8776593883128494
2013-11-01,314540.0,120940.0,989.0,850.0,84287.0,1060.0,64975.0,17677.0,0.0,15803.0,824.0,1230.0,5172.0,3407.0,1765.0,-413.0,1143.0,0.0,0.0,824.0,1839.0,39882.0,273101.0,314126.0,0.12696179240177508,0.8693995403118494
2013-12-01,353021.0,141860.0,1438.0,1013.0,92936.0,1006.0,71294.0,21128.0,0.0,13967.0,850.0,1366.0,5443.0,3606.0,1837.0,-421.0,1141.0,0.0,0.0,850.0,2451.0,41904.0,309547.0,352592.0,0.11884557789172755,0.8779183872577937
2014-01-01,377255.0,157097.0,5913.0,1158.0,91061.0,933.0,73163.0,21634.0,0.0,17911.0,751.0,1355.0,5476.0,3626.0,1850.0,-290.0,1092.0,1375.0,624.0,751.0,7071.0,47751.0,329325.0,378168.0,0.12626927714666497,0.8708431173446722
2014-02-01,324348.0,143294.0,1847.0,916.0,75942.0,817.0,62639.0,17396.0,0.0,14009.0,835.0,1206.0,4951.0,3265.0,1686.0,-445.0,941.0,1499.0,664.0,835.0,2763.0,39061.0,285455.0,325457.0,0.1200189272315544,0.8770897537923596
2014-03-01,331823.0,136443.0,2002.0,1186.0,78151.0,866.0,62397.0,24257.0,0.0,17736.0,1317.0,1338.0,5460.0,3609.0,1851.0,-421.0,1093.0,2224.0,907.0,1317.0,3188.0,51015.0,281045.0,333153.0,0.15312784216260997,0.8435913829381696
2014-04-01,297631.0,109281.0,911.0,842.0,76782.0,854.0,56385.0,25440.0,0.0,18636.0,1487.0,1314.0,5040.0,3230.0,1810.0,-378.0,1039.0,2476.0,988.0,1487.0,1753.0,52906.0,245055.0,299000.0,0.17694314381270904,0.8195819397993311
2014-05-01,324724.0,118786.0,960.0,1084.0,89120.0,944.0,62947.0,26544.0,0.0,15601.0,1750.0,1332.0,5139.0,3290.0,1849.0,-601.0,1118.0,2842.0,1092.0,1750.0,2044.0,51458.0,273841.0,326417.0,0.15764497559869736,0.8389299576921545
2014-06-01,357844.0,137577.0,889.0,1131.0,98468.0,969.0,68138.0,25744.0,0.0,15799.0,1923.0,1293.0,5449.0,3622.0,1826.0,-653.0,1117.0,3024.0,1101.0,1923.0,2020.0,51309.0,307172.0,359598.0,0.1426843308361003,0.8542094227442867
2014-07-01,385780.0,149627.0,992.0,1050.0,115081.0,1069.0,71940.0,24357.0,0.0,12187.0,1788.0,1320.0,5750.0,3807.0,1942.0,-545.0,1163.0,2936.0,1149.0,1788.0,2042.0,46550.0,339759.0,387472.0,0.12013771317669406,0.876860779617624
2014-08-01,384341.0,148452.0,1014.0,1036.0,122348.0,1135.0,71129.0,19807.0,0.0,10171.0,1879.0,1329.0,5642.0,3761.0,1880.0,-840.0,1239.0,3019.0,1139.0,1879.0,2050.0,39968.0,345114.0,386321.0,0.10345800513044852,0.8933348174186752
2014-09-01,339887.0,126110.0,929.0,1019.0,106582.0,1126.0,67535.0,16074.0,0.0,11520.0,1832.0,1308.0,5234.0,3462.0,1772.0,-542.0,1159.0,2879.0,1046.0,1832.0,1948.0,37015.0,303301.0,341475.0,0.10839739365985797,0.8882085072113625
2014-10-01,314522.0,111296.0,908.0,609.0,97683.0,1082.0,62391.0,17159.0,0.0,14508.0,1717.0,1345.0,5149.0,3422.0,1726.0,-448.0,1122.0,2682.0,965.0,1717.0,1517.0,40843.0,273969.0,315934.0,0.1292770008925915,0.8671716244532086
2014-11-01,317495.0,119127.0,963.0,775.0,84354.0,1073.0,65140.0,18625.0,0.0,18867.0,1380.0,1362.0,5198.0,3508.0,1691.0,-531.0,1161.0,2171.0,792.0,1380.0,1738.0,46223.0,271432.0,318816.0,0.14498331325905853,0.8513750878249523
2014-12-01,337957.0,124620.0,947.0,1149.0,91038.0,1153.0,73363.0,22329.0,0.0,14711.0,1032.0,1375.0,5503.0,3737.0,1767.0,-480.0,1218.0,1798.0,766.0,1032.0,2096.0,45716.0,292270.0,339204.0,0.13477435407601326,0.8616348863810568
2015-01-01,360455.0,132451.0,1927.0,1046.0,101687.0,1246.0,74270.0,24138.0,0.0,15162.0,1155.0,1362.0,5442.0,3717.0,1725.0,-551.0,1120.0,1902.0,746.0,1155.0,2973.0,48006.0,312627.0,361753.0,0.13270380618820024,0.8642001586718009
2015-02-01,334476.0,126977.0,5221.0,1100.0,91315.0,1025.0,63461.0,22286.0,0.0,14922.0,1484.0,1260.0,4896.0,3372.0,1524.0,-456.0,985.0,2299.0,816.0,1484.0,6321.0,45663.0,289099.0,335747.0,0.13600419363389696,0.8610620496981358
2015-03-01,324192.0,108488.0,1061.0,717.0,99423.0,1091.0,64547.0,24281.0,0.0,15308.0,2072.0,1394.0,5169.0,3457.0,1712.0,-409.0,1051.0,3206.0,1134.0,2072.0,1778.0,49358.0,275327.0,325736.0,0.15152761745708182,0.8452458432595722
2015-04-01,294133.0,88989.0,919.0,809.0,92806.0,979.0,59784.0,22471.0,0.0,17867.0,2379.0,1272.0,4976.0,3246.0,1729.0,-214.0,1096.0,3643.0,1264.0,2379.0,1728.0,50229.0,244286.0,295611.0,0.16991586916589707,0.8263765556762096
2015-05-01,322087.0,104585.0,1017.0,922.0,101516.0,1099.0,65827.0,20125.0,0.0,17151.0,2504.0,1390.0,5137.0,3338.0,1799.0,-370.0,1185.0,3898.0,1394.0,2504.0,1939.0,47701.0,274966.0,323852.0,0.14729259044254783,0.8490483307189703
2015-06-01,362409.0,125673.0,1040.0,821.0,121478.0,1118.0,68516.0,20414.0,0.0,13421.0,2558.0,1302.0,5280.0,3496.0,1784.0,-398.0,1187.0,3966.0,1408.0,2558.0,1861.0,44383.0,318646.0,364216.0,0.12185900674325126,0.8748819381905243
2015-07-01,400419.0,139100.0,1201.0,1103.0,141119.0,1235.0,71412.0,21014.0,0.0,13675.0,2627.0,1357.0,5795.0,3806.0,1989.0,-513.0,1293.0,4114.0,1487.0,2627.0,2304.0,45955.0,355170.0,402418.0,0.11419717805863555,0.8825897449915262
2015-08-01,392116.0,134670.0,1093.0,1040.0,139084.0,1196.0,72415.0,19122.0,0.0,13080.0,2688.0,1344.0,5710.0,3788.0,1921.0,-626.0,1300.0,4156.0,1468.0,2688.0,2133.0,43412.0,349498.0,394210.0,0.11012404555947337,0.8865782197306005
2015-09-01,350122.0,117986.0,1006.0,1028.0,123036.0,1210.0,66476.0,16094.0,0.0,13972.0,2217.0,1203.0,5256.0,3450.0,1805.0,-544.0,1182.0,3547.0,1330.0,2217.0,2034.0,40072.0,310742.0,351996.0,0.113842202752304,0.8827998045432335
2015-10-01,312112.0,96759.0,945.0,827.0,110005.0,906.0,60571.0,16630.0,0.0,16380.0,1910.0,1323.0,5095.0,3252.0,1843.0,-443.0,1204.0,3107.0,1198.0,1910.0,1772.0,42535.0,270013.0,313752.0,0.1355688569315893,0.8605937173308855
2015-11-01,300653.0,87227.0,995.0,715.0,102236.0,902.0,60264.0,19338.0,0.0,19682.0,1730.0,1334.0,5320.0,3418.0,1902.0,-285.0,1197.0,2712.0,982.0,1730.0,1710.0,48386.0,252339.0,301922.0,0.16025993468511734,0.8357754651863727
2015-12-01,324427.0,89495.0,948.0,749.0,109777.0,1110.0,69634.0,23166.0,0.0,20098.0,1570.0,1377.0,5557.0,3587.0,1969.0,-281.0,1228.0,2484.0,914.0,1570.0,1697.0,52682.0,271713.0,325623.0,0.16178832576322927,0.8344404418606793
2016-01-01,352719.0,113459.0,1396.0,966.0,110044.0,1195.0,72525.0,25615.0,0.0,18466.0,1486.0,1332.0,5395.0,3600.0,1795.0,-312.0,1153.0,2465.0,980.0,1486.0,2362.0,53273.0,299585.0,354011.0,0.15048402450771303,0.8462590145503953
2016-02-01,313685.0,92705.0,1299.0,910.0,98552.0,1062.0,65638.0,24139.0,0.0,20138.0,2242.0,1243.0,5115.0,3406.0,1708.0,-399.0,1041.0,3386.0,1145.0,2242.0,2209.0,54021.0,260166.0,315228.0,0.17137119799002626,0.8253264303932392
2016-03-01,304390.0,72173.0,874.0,927.0,103890.0,1197.0,66149.0,27390.0,0.0,21939.0,2617.0,1315.0,5212.0,3403.0,1809.0,-384.0,1090.0,4143.0,1525.0,2617.0,1801.0,59999.0,245210.0,306299.0,0.19588376063911406,0.8005576250657038
2016-04-01,292894.0,72113.0,833.0,1006.0,98876.0,1132.0,62732.0,25878.0,0.0,20799.0,2880.0,1209.0,4778.0,2967.0,1811.0,-452.0,1109.0,4583.0,1703.0,2880.0,1839.0,57247.0,236692.0,295048.0,0.19402605677720236,0.802215232775684
2016-05-01,316784.0,81695.0,984.0,974.0,110430.0,1053.0,66576.0,25486.0,0.0,18848.0,3425.0,1342.0,5096.0,3187.0,1909.0,-321.0,1195.0,5304.0,1879.0,3425.0,1958.0,56076.0,261712.0,318983.0,0.175796202305452,0.8204575165447688
2016-06-01,367781.0,116034.0,972.0,1005.0,131395.0,1043.0,67175.0,23237.0,0.0,16303.0,3473.0,1251.0,5208.0,3414.0,1794.0,-497.0,1180.0,5401.0,1928.0,3473.0,1977.0,51400.0,317624.0,370204.0,0.13884236799170188,0.8579702002139361
2016-07-01,411887.0,136316.0,1273.0,1049.0,151554.0,1077.0,70349.0,21455.0,0.0,17618.0,3945.0,1311.0,5498.0,3658.0,1840.0,-784.0,1225.0,5945.0,2000.0,3945.0,2322.0,51827.0,361618.0,414670.0,0.12498372199580389,0.8720621216871247
2016-08-01,409701.0,135635.0,1258.0,1078.0,154760.0,1064.0,71526.0,19570.0,0.0,13589.0,3969.0,1324.0,5583.0,3722.0,1860.0,-902.0,1248.0,5911.0,1942.0,3969.0,2336.0,45977.0,365321.0,412546.0,0.11144696591410412,0.8855279168868442
2016-09-01,351484.0,114138.0,946.0,980.0,125603.0,1020.0,65448.0,16368.0,0.0,16404.0,3635.0,1327.0,5164.0,3407.0,1757.0,-715.0,1168.0,5370.0,1735.0,3635.0,1926.0,44633.0,308135.0,353936.0,0.12610471949731025,0.8705952488585507
2016-10-01,312945.0,99194.0,937.0,635.0,102898.0,913.0,60733.0,17339.0,0.0,20335.0,3191.0,1353.0,4869.0,3176.0,1693.0,-561.0,1108.0,4743.0,1552.0,3191.0,1572.0,48639.0,265310.0,315057.0,0.15438158809358307,0.8421015879666219
2016-11-01,297062.0,86940.0,1070.0,799.0,93942.0,1013.0,65179.0,18808.0,0.0,19406.0,2767.0,1364.0,5282.0,3391.0,1891.0,-607.0,1098.0,4024.0,1257.0,2767.0,1869.0,48884.0,248943.0,298925.0,0.16353265869365224,0.8327941791419252
2016-12-01,345343.0,118747.0,1166.0,869.0,96364.0,1037.0,71662.0,22528.0,0.0,23146.0,2424.0,1454.0,5560.0,3615.0,1944.0,-753.0,1139.0,3591.0,1167.0,2424.0,2035.0,56279.0,289845.0,347263.0,0.1620644871466295,0.8346555780489139
2017-01-01,343190.0,115333.0,1121.0,944.0,95473.0,1046.0,73121.0,26788.0,0.0,19840.0,2030.0,1383.0,5453.0,3505.0,1948.0,-435.0,1094.0,3276.0,1246.0,2030.0,2065.0,56740.0,287038.0,344872.0,0.16452480920457446,0.8323029993736807
2017-02-01,289653.0,86822.0,874.0,723.0,82694.0,977.0,63560.0,23643.0,0.0,21198.0,2555.0,1239.0,4880.0,3186.0,1694.0,-508.0,995.0,3939.0,1384.0,2555.0,1597.0,54899.0,235650.0,291544.0,0.18830433828170018,0.808282797793815
2017-03-01,317935.0,89365.0,950.0,699.0,95022.0,1060.0,65093.0,29272.0,0.0,24993.0,4245.0,1385.0,5311.0,3457.0,1854.0,-521.0,1062.0,6218.0,1972.0,4245.0,1649.0,67179.0,252189.0,320430.0,0.20965265424585713,0.7870330493399494
2017-04-01,294325.0,81335.0,846.0,431.0,88418.0,1001.0,56743.0,29390.0,0.0,24613.0,4696.0,1337.0,4904.0,3149.0,1755.0,-439.0,1050.0,6891.0,2195.0,4696.0,1277.0,67135.0,228774.0,296959.0,0.2260749800477507,0.7703891783040756
2017-05-01,322518.0,92777.0,971.0,847.0,98067.0,1055.0,61313.0,32384.0,0.0,22450.0,5663.0,1283.0,5048.0,3189.0,1859.0,-423.0,1083.0,8086.0,2423.0,5663.0,1818.0,69251.0,255030.0,325364.0,0.21284161738852486,0.7838298029284125
2017-06-01,357916.0,107508.0,1001.0,901.0,117317.0,992.0,67011.0,30222.0,0.0,19809.0,6175.0,1214.0,5235.0,3439.0,1795.0,-568.0,1099.0,8662.0,2487.0,6175.0,1902.0,65142.0,294730.0,360971.0,0.1804632505104288,0.8164921835826147
2017-07-01,404387.0,127697.0,916.0,889.0,146994.0,1048.0,71314.0,26491.0,0.0,15960.0,5753.0,1355.0,5516.0,3703.0,1813.0,-759.0,1211.0,8308.0,2555.0,5753.0,1805.0,57630.0,348858.0,407699.0,0.1413542834296871,0.8556753879700465
2017-08-01,384342.0,119488.0,970.0,765.0,141209.0,1134.0,72384.0,21851.0,0.0,13621.0,5434.0,1345.0,5561.0,3753.0,1808.0,-638.0,1220.0,7914.0,2480.0,5434.0,1735.0,50292.0,335950.0,387462.0,0.12979853508215,0.8670527690457387
2017-09-01,335861.0,98203.0,925.0,712.0,118112.0,1060.0,68098.0,19067.0,0.0,17855.0,5115.0,1297.0,4990.0,3294.0,1696.0,-606.0,1034.0,7340.0,2225.0,5115.0,1637.0,50549.0,287110.0,338693.0,0.1492472534123823,0.8476998343632729
2017-10-01,320376.0,89775.0,956.0,572.0,106852.0,999.0,65995.0,18284.0,0.0,25306.0,4821.0,1229.0,5023.0,3306.0,1717.0,-463.0,1027.0,6811.0,1990.0,4821.0,1528.0,56653.0,265149.0,322829.0,0.1754891908719477,0.8213295583730086
2017-11-01,310315.0,90986.0,903.0,755.0,94883.0,1001.0,66618.0,20565.0,0.0,24082.0,3409.0,1289.0,5225.0,3430.0,1795.0,-478.0,1077.0,4970.0,1561.0,3409.0,1658.0,56131.0,255146.0,312354.0,0.17970315731509762,0.8168488317742049
2017-12-01,353452.0,106546.0,1982.0,737.0,111373.0,1096.0,73700.0,22377.0,0.0,24575.0,3389.0,1571.0,5616.0,3738.0,1877.0,-656.0,1146.0,4861.0,1472.0,3389.0,2719.0,59000.0,295434.0,355580.0,0.16592609258113505,0.8308510039934754
2018-01-01,374324.0,118939.0,5291.0,952.0,110046.0,994.0,74649.0,25596.0,0.0,26862.0,3407.0,1407.0,5613.0,3759.0,1854.0,-547.0,1115.0,5022.0,1615.0,3407.0,6243.0,64500.0,310871.0,376486.0,0.17132111154199625,0.8257172909484018
2018-02-01,306115.0,81922.0,780.0,738.0,96002.0,990.0,64790.0,25533.0,0.0,24096.0,4113.0,1326.0,5140.0,3379.0,1761.0,-315.0,1001.0,5875.0,1762.0,4113.0,1518.0,61970.0,245222.0,308193.0,0.20107530021772071,0.7956767350329177
2018-03-01,320982.0,80612.0,811.0,648.0,104933.0,1064.0,67033.0,25951.0,0.0,27283.0,5203.0,1414.0,5405.0,3535.0,1870.0,-490.0,1113.0,7630.0,2427.0,5203.0,1459.0,67683.0,255101.0,323897.0,0.20896457824555337,0.7875991441723758
2018-04-01,301739.0,73383.0,854.0,691.0,99446.0,940.0,59133.0,27490.0,0.0,26783.0,6249.0,1246.0,4862.0,3096.0,1766.0,-377.0,1038.0,8984.0,2736.0,6249.0,1545.0,69365.0,234447.0,304850.0,0.22753813350828275,0.7690569132360177
2018-05-01,339694.0,85311.0,1022.0,415.0,116107.0,1000.0,67320.0,30434.0,0.0,23603.0,7070.0,1434.0,5294.0,3550.0,1744.0,-390.0,1074.0,10080.0,3010.0,7070.0,1437.0,70845.0,271175.0,343094.0,0.2064886007916198,0.7903810617498411
2018-06-01,372398.0,101509.0,1062.0,765.0,130823.0,1010.0,69688.0,27955.0,0.0,24376.0,7804.0,1369.0,5360.0,3573.0,1787.0,-433.0,1111.0,10863.0,3060.0,7804.0,1827.0,69923.0,304857.0,375891.0,0.186019351354515,0.8110250045890963
2018-07-01,412542.0,115477.0,970.0,922.0,167250.0,1105.0,72456.0,24014.0,0.0,16014.0,6938.0,1436.0,5488.0,3690.0,1798.0,-644.0,1116.0,10085.0,3147.0,6938.0,1892.0,57037.0,358180.0,416333.0,0.13699850840553116,0.8603209450127662
2018-08-01,407981.0,115216.0,1041.0,873.0,162377.0,1225.0,72282.0,21400.0,0.0,19530.0,6981.0,1429.0,5367.0,3570.0,1797.0,-747.0,1007.0,9999.0,3018.0,6981.0,1914.0,57725.0,353014.0,411746.0,0.1401956546025948,0.8573586628649702
2018-09-01,356728.0,96742.0,1039.0,835.0,142772.0,1001.0,64725.0,18665.0,0.0,17977.0,6469.0,1388.0,4919.0,3284.0,1635.0,-603.0,800.0,9150.0,2681.0,6469.0,1874.0,52099.0,307114.0,360013.0,0.1447142186532153,0.8530636393685783
2018-10-01,325563.0,87452.0,989.0,484.0,124171.0,930.0,59397.0,18781.0,0.0,21147.0,5223.0,1347.0,5043.0,3277.0,1766.0,-492.0,1091.0,7624.0,2400.0,5223.0,1473.0,53942.0,273423.0,328456.0,0.16422899870911173,0.8324493996151692
2018-11-01,322409.0,93005.0,952.0,699.0,107109.0,933.0,63948.0,22176.0,0.0,22457.0,3958.0,1397.0,5036.0,3284.0,1752.0,-343.0,1081.0,5873.0,1914.0,3958.0,1651.0,56939.0,266646.0,324666.0,0.17537715683194421,0.8212932675426439
2018-12-01,337334.0,96825.0,930.0,807.0,106978.0,998.0,71657.0,23728.0,0.0,24825.0,3188.0,1535.0,5239.0,3414.0,1825.0,-522.0,1147.0,4962.0,1774.0,3188.0,1737.0,60289.0,278195.0,339631.0,0.17751324231298085,0.8191095630257544
2019-01-01,357690.0,101019.0,1316.0,820.0,118935.0,994.0,73701.0,24544.0,0.0,25165.0,3652.0,1456.0,5284.0,3529.0,1755.0,-323.0,1129.0,5590.0,1938.0,3652.0,2136.0,62039.0,296785.0,359953.0,0.1723530572046906,0.8245104221940086
2019-02-01,313278.0,80008.0,790.0,722.0,110428.0,1015.0,64715.0,22031.0,0.0,23047.0,3913.0,1339.0,4735.0,3165.0,1570.0,-389.0,925.0,5999.0,2085.0,3913.0,1512.0,57151.0,257678.0,315754.0,0.18099849883136873,0.8160720054219424
2019-03-01,323187.0,78454.0,802.0,637.0,112574.0,1143.0,65080.0,25400.0,0.0,26036.0,6020.0,1480.0,4954.0,3241.0,1713.0,-409.0,1018.0,8988.0,2968.0,6020.0,1439.0,66858.0,258690.0,326566.0,0.2047304373388534,0.792152275497143
2019-04-01,295119.0,60099.0,772.0,450.0,102936.0,947.0,60581.0,25422.0,0.0,30217.0,6949.0,1315.0,4578.0,2988.0,1591.0,-103.0,957.0,10257.0,3309.0,6949.0,1222.0,71789.0,225785.0,298531.0,0.2404741886102281,0.7563201141589986
